Date,Centre_Name,Commodity_Name,Price
15-04-2010,VIJAYWADA,Potato,8.0
16-04-2010,VIJAYWADA,Potato,8.0
19-04-2010,VIJAYWADA,Potato,10.0
20-04-2010,VIJAYWADA,Potato,10.0
21-04-2010,VIJAYWADA,Potato,10.0
22-04-2010,VIJAYWADA,Potato,10.0
23-04-2010,VIJAYWADA,Potato,10.0
26-04-2010,VIJAYWADA,Potato,10.0
27-04-2010,VIJAYWADA,Potato,10.0
28-04-2010,VIJAYWADA,Potato,10.0
29-04-2010,VIJAYWADA,Potato,10.0
30-04-2010,VIJAYWADA,Potato,10.0
03-05-2010,VIJAYWADA,Potato,9.0
04-05-2010,VIJAYWADA,Potato,11.0
05-05-2010,VIJAYWADA,Potato,11.0
06-05-2010,VIJAYWADA,Potato,11.0
07-05-2010,VIJAYWADA,Potato,11.0
10-05-2010,VIJAYWADA,Potato,11.0
11-05-2010,VIJAYWADA,Potato,11.0
12-05-2010,VIJAYWADA,Potato,11.0
13-05-2010,VIJAYWADA,Potato,11.0
14-05-2010,VIJAYWADA,Potato,9.0
17-05-2010,VIJAYWADA,Potato,10.0
18-05-2010,VIJAYWADA,Potato,10.0
19-05-2010,VIJAYWADA,Potato,10.0
20-05-2010,VIJAYWADA,Potato,11.0
21-05-2010,VIJAYWADA,Potato,11.0
24-05-2010,VIJAYWADA,Potato,11.0
25-05-2010,VIJAYWADA,Potato,12.0
26-05-2010,VIJAYWADA,Potato,12.0
28-05-2010,VIJAYWADA,Potato,12.0
31-05-2010,VIJAYWADA,Potato,11.0
01-06-2010,VIJAYWADA,Potato,12.0
02-06-2010,VIJAYWADA,Potato,12.0
03-06-2010,VIJAYWADA,Potato,11.0
04-06-2010,VIJAYWADA,Potato,11.0
07-06-2010,VIJAYWADA,Potato,11.0
08-06-2010,VIJAYWADA,Potato,11.0
09-06-2010,VIJAYWADA,Potato,11.0
10-06-2010,VIJAYWADA,Potato,11.0
11-06-2010,VIJAYWADA,Potato,11.0
14-06-2010,VIJAYWADA,Potato,11.0
15-06-2010,VIJAYWADA,Potato,11.0
16-06-2010,VIJAYWADA,Potato,11.0
17-06-2010,VIJAYWADA,Potato,11.0
18-06-2010,VIJAYWADA,Potato,11.0
21-06-2010,VIJAYWADA,Potato,11.0
22-06-2010,VIJAYWADA,Potato,11.0
23-06-2010,VIJAYWADA,Potato,11.0
24-06-2010,VIJAYWADA,Potato,11.0
25-06-2010,VIJAYWADA,Potato,11.0
28-06-2010,VIJAYWADA,Potato,11.0
29-06-2010,VIJAYWADA,Potato,11.0
30-06-2010,VIJAYWADA,Potato,11.0
01-07-2010,VIJAYWADA,Potato,11.0
02-07-2010,VIJAYWADA,Potato,10.0
05-07-2010,VIJAYWADA,Potato,10.0
06-07-2010,VIJAYWADA,Potato,10.0
07-07-2010,VIJAYWADA,Potato,10.0
08-07-2010,VIJAYWADA,Potato,12.0
09-07-2010,VIJAYWADA,Potato,12.0
12-07-2010,VIJAYWADA,Potato,12.0
13-07-2010,VIJAYWADA,Potato,12.0
14-07-2010,VIJAYWADA,Potato,12.0
15-07-2010,VIJAYWADA,Potato,12.0
16-07-2010,VIJAYWADA,Potato,12.0
19-07-2010,VIJAYWADA,Potato,12.0
20-07-2010,VIJAYWADA,Potato,12.0
21-07-2010,VIJAYWADA,Potato,12.0
22-07-2010,VIJAYWADA,Potato,12.0
23-07-2010,VIJAYWADA,Potato,12.0
26-07-2010,VIJAYWADA,Potato,11.0
27-07-2010,VIJAYWADA,Potato,11.0
28-07-2010,VIJAYWADA,Potato,11.0
29-07-2010,VIJAYWADA,Potato,11.0
30-07-2010,VIJAYWADA,Potato,11.0
02-08-2010,VIJAYWADA,Potato,12.0
03-08-2010,VIJAYWADA,Potato,12.0
04-08-2010,VIJAYWADA,Potato,12.0
05-08-2010,VIJAYWADA,Potato,12.0
06-08-2010,VIJAYWADA,Potato,12.0
09-08-2010,VIJAYWADA,Potato,12.0
10-08-2010,VIJAYWADA,Potato,12.0
11-08-2010,VIJAYWADA,Potato,12.0
12-08-2010,VIJAYWADA,Potato,12.0
13-08-2010,VIJAYWADA,Potato,12.0
16-08-2010,VIJAYWADA,Potato,12.0
17-08-2010,VIJAYWADA,Potato,11.0
18-08-2010,VIJAYWADA,Potato,11.0
19-08-2010,VIJAYWADA,Potato,11.0
20-08-2010,VIJAYWADA,Potato,12.0
23-08-2010,VIJAYWADA,Potato,12.0
24-08-2010,VIJAYWADA,Potato,12.0
25-08-2010,VIJAYWADA,Potato,12.0
26-08-2010,VIJAYWADA,Potato,12.0
27-08-2010,VIJAYWADA,Potato,12.0
30-08-2010,VIJAYWADA,Potato,13.0
31-08-2010,VIJAYWADA,Potato,12.0
01-09-2010,VIJAYWADA,Potato,12.0
03-09-2010,VIJAYWADA,Potato,12.0
06-09-2010,VIJAYWADA,Potato,13.0
07-09-2010,VIJAYWADA,Potato,13.0
08-09-2010,VIJAYWADA,Potato,13.0
09-09-2010,VIJAYWADA,Potato,13.0
10-09-2010,VIJAYWADA,Potato,13.0
13-09-2010,VIJAYWADA,Potato,12.0
14-09-2010,VIJAYWADA,Potato,12.0
15-09-2010,VIJAYWADA,Potato,12.0
16-09-2010,VIJAYWADA,Potato,12.0
17-09-2010,VIJAYWADA,Potato,13.0
20-09-2010,VIJAYWADA,Potato,14.0
21-09-2010,VIJAYWADA,Potato,14.0
22-09-2010,VIJAYWADA,Potato,14.0
23-09-2010,VIJAYWADA,Potato,14.0
24-09-2010,VIJAYWADA,Potato,14.0
27-09-2010,VIJAYWADA,Potato,14.0
28-09-2010,VIJAYWADA,Potato,14.0
29-09-2010,VIJAYWADA,Potato,14.0
30-09-2010,VIJAYWADA,Potato,14.0
01-10-2010,VIJAYWADA,Potato,14.0
04-10-2010,VIJAYWADA,Potato,14.0
05-10-2010,VIJAYWADA,Potato,15.0
06-10-2010,VIJAYWADA,Potato,15.0
07-10-2010,VIJAYWADA,Potato,14.0
08-10-2010,VIJAYWADA,Potato,15.0
11-10-2010,VIJAYWADA,Potato,15.0
12-10-2010,VIJAYWADA,Potato,15.0
13-10-2010,VIJAYWADA,Potato,15.0
15-10-2010,VIJAYWADA,Potato,15.0
18-10-2010,VIJAYWADA,Potato,15.0
19-10-2010,VIJAYWADA,Potato,14.0
20-10-2010,VIJAYWADA,Potato,15.0
21-10-2010,VIJAYWADA,Potato,15.0
22-10-2010,VIJAYWADA,Potato,15.0
25-10-2010,VIJAYWADA,Potato,15.0
26-10-2010,VIJAYWADA,Potato,15.0
27-10-2010,VIJAYWADA,Potato,15.0
28-10-2010,VIJAYWADA,Potato,15.0
29-10-2010,VIJAYWADA,Potato,15.0
01-11-2010,VIJAYWADA,Potato,15.0
02-11-2010,VIJAYWADA,Potato,15.0
03-11-2010,VIJAYWADA,Potato,15.0
04-11-2010,VIJAYWADA,Potato,16.0
08-11-2010,VIJAYWADA,Potato,16.0
09-11-2010,VIJAYWADA,Potato,16.0
10-11-2010,VIJAYWADA,Potato,16.0
11-11-2010,VIJAYWADA,Potato,16.0
12-11-2010,VIJAYWADA,Potato,16.0
15-11-2010,VIJAYWADA,Potato,16.0
16-11-2010,VIJAYWADA,Potato,16.0
18-11-2010,VIJAYWADA,Potato,16.0
19-11-2010,VIJAYWADA,Potato,16.0
22-11-2010,VIJAYWADA,Potato,16.0
23-11-2010,VIJAYWADA,Potato,16.0
24-11-2010,VIJAYWADA,Potato,16.0
25-11-2010,VIJAYWADA,Potato,16.0
26-11-2010,VIJAYWADA,Potato,16.0
29-11-2010,VIJAYWADA,Potato,16.0
30-11-2010,VIJAYWADA,Potato,16.0
01-12-2010,VIJAYWADA,Potato,16.0
02-12-2010,VIJAYWADA,Potato,16.0
03-12-2010,VIJAYWADA,Potato,16.0
06-12-2010,VIJAYWADA,Potato,16.0
07-12-2010,VIJAYWADA,Potato,17.0
08-12-2010,VIJAYWADA,Potato,17.0
09-12-2010,VIJAYWADA,Potato,17.0
10-12-2010,VIJAYWADA,Potato,17.0
13-12-2010,VIJAYWADA,Potato,17.0
14-12-2010,VIJAYWADA,Potato,17.0
15-12-2010,VIJAYWADA,Potato,17.0
16-12-2010,VIJAYWADA,Potato,17.0
20-12-2010,VIJAYWADA,Potato,15.0
21-12-2010,VIJAYWADA,Potato,14.0
22-12-2010,VIJAYWADA,Potato,14.0
23-12-2010,VIJAYWADA,Potato,15.0
24-12-2010,VIJAYWADA,Potato,14.0
27-12-2010,VIJAYWADA,Potato,15.0
28-12-2010,VIJAYWADA,Potato,15.0
29-12-2010,VIJAYWADA,Potato,15.0
30-12-2010,VIJAYWADA,Potato,15.0
31-12-2010,VIJAYWADA,Potato,15.0
03-01-2011,VIJAYWADA,Potato,16.0
04-01-2011,VIJAYWADA,Potato,16.0
06-01-2011,VIJAYWADA,Potato,16.0
07-01-2011,VIJAYWADA,Potato,16.0
10-01-2011,VIJAYWADA,Potato,16.0
11-01-2011,VIJAYWADA,Potato,16.0
12-01-2011,VIJAYWADA,Potato,16.0
13-01-2011,VIJAYWADA,Potato,16.0
14-01-2011,VIJAYWADA,Potato,16.0
17-01-2011,VIJAYWADA,Potato,16.0
18-01-2011,VIJAYWADA,Potato,16.0
19-01-2011,VIJAYWADA,Potato,16.0
20-01-2011,VIJAYWADA,Potato,16.0
21-01-2011,VIJAYWADA,Potato,16.0
24-01-2011,VIJAYWADA,Potato,16.0
25-01-2011,VIJAYWADA,Potato,16.0
27-01-2011,VIJAYWADA,Potato,14.0
28-01-2011,VIJAYWADA,Potato,14.0
31-01-2011,VIJAYWADA,Potato,14.0
01-02-2011,VIJAYWADA,Potato,14.0
02-02-2011,VIJAYWADA,Potato,14.0
03-02-2011,VIJAYWADA,Potato,14.0
04-02-2011,VIJAYWADA,Potato,14.0
07-02-2011,VIJAYWADA,Potato,12.0
08-02-2011,VIJAYWADA,Potato,12.0
09-02-2011,VIJAYWADA,Potato,12.0
10-02-2011,VIJAYWADA,Potato,12.0
11-02-2011,VIJAYWADA,Potato,12.0
14-02-2011,VIJAYWADA,Potato,12.0
15-02-2011,VIJAYWADA,Potato,14.0
17-02-2011,VIJAYWADA,Potato,14.0
18-02-2011,VIJAYWADA,Potato,14.0
21-02-2011,VIJAYWADA,Potato,14.0
22-02-2011,VIJAYWADA,Potato,14.0
23-02-2011,VIJAYWADA,Potato,14.0
24-02-2011,VIJAYWADA,Potato,15.0
25-02-2011,VIJAYWADA,Potato,15.0
28-02-2011,VIJAYWADA,Potato,14.0
01-03-2011,VIJAYWADA,Potato,14.0
03-03-2011,VIJAYWADA,Potato,12.0
04-03-2011,VIJAYWADA,Potato,12.0
07-03-2011,VIJAYWADA,Potato,12.0
08-03-2011,VIJAYWADA,Potato,11.0
09-03-2011,VIJAYWADA,Potato,11.0
10-03-2011,VIJAYWADA,Potato,11.0
11-03-2011,VIJAYWADA,Potato,11.0
14-03-2011,VIJAYWADA,Potato,11.0
15-03-2011,VIJAYWADA,Potato,11.0
16-03-2011,VIJAYWADA,Potato,11.0
17-03-2011,VIJAYWADA,Potato,11.0
18-03-2011,VIJAYWADA,Potato,11.0
21-03-2011,VIJAYWADA,Potato,11.0
22-03-2011,VIJAYWADA,Potato,11.0
23-03-2011,VIJAYWADA,Potato,11.0
24-03-2011,VIJAYWADA,Potato,11.0
25-03-2011,VIJAYWADA,Potato,11.0
28-03-2011,VIJAYWADA,Potato,11.0
29-03-2011,VIJAYWADA,Potato,11.0
30-03-2011,VIJAYWADA,Potato,11.0
31-03-2011,VIJAYWADA,Potato,11.0
01-04-2011,VIJAYWADA,Potato,11.0
04-04-2011,VIJAYWADA,Potato,11.0
05-04-2011,VIJAYWADA,Potato,11.0
06-04-2011,VIJAYWADA,Potato,11.0
07-04-2011,VIJAYWADA,Potato,11.0
08-04-2011,VIJAYWADA,Potato,11.0
11-04-2011,VIJAYWADA,Potato,13.0
13-04-2011,VIJAYWADA,Potato,13.0
15-04-2011,VIJAYWADA,Potato,13.0
18-04-2011,VIJAYWADA,Potato,11.0
19-04-2011,VIJAYWADA,Potato,11.0
20-04-2011,VIJAYWADA,Potato,11.0
21-04-2011,VIJAYWADA,Potato,11.0
25-04-2011,VIJAYWADA,Potato,12.0
26-04-2011,VIJAYWADA,Potato,12.0
27-04-2011,VIJAYWADA,Potato,12.0
28-04-2011,VIJAYWADA,Potato,12.0
29-04-2011,VIJAYWADA,Potato,12.0
02-05-2011,VIJAYWADA,Potato,12.0
03-05-2011,VIJAYWADA,Potato,12.0
04-05-2011,VIJAYWADA,Potato,12.0
05-05-2011,VIJAYWADA,Potato,12.0
06-05-2011,VIJAYWADA,Potato,12.0
09-05-2011,VIJAYWADA,Potato,12.0
10-05-2011,VIJAYWADA,Potato,12.0
11-05-2011,VIJAYWADA,Potato,12.0
12-05-2011,VIJAYWADA,Potato,12.0
13-05-2011,VIJAYWADA,Potato,12.0
16-05-2011,VIJAYWADA,Potato,12.0
18-05-2011,VIJAYWADA,Potato,12.0
19-05-2011,VIJAYWADA,Potato,12.0
20-05-2011,VIJAYWADA,Potato,12.0
23-05-2011,VIJAYWADA,Potato,12.0
24-05-2011,VIJAYWADA,Potato,12.0
25-05-2011,VIJAYWADA,Potato,12.0
26-05-2011,VIJAYWADA,Potato,12.0
27-05-2011,VIJAYWADA,Potato,12.0
30-05-2011,VIJAYWADA,Potato,12.0
31-05-2011,VIJAYWADA,Potato,12.0
01-06-2011,VIJAYWADA,Potato,12.0
02-06-2011,VIJAYWADA,Potato,12.0
03-06-2011,VIJAYWADA,Potato,12.0
06-06-2011,VIJAYWADA,Potato,12.0
07-06-2011,VIJAYWADA,Potato,12.0
08-06-2011,VIJAYWADA,Potato,12.0
09-06-2011,VIJAYWADA,Potato,12.0
10-06-2011,VIJAYWADA,Potato,12.0
13-06-2011,VIJAYWADA,Potato,12.0
14-06-2011,VIJAYWADA,Potato,12.0
15-06-2011,VIJAYWADA,Potato,12.0
16-06-2011,VIJAYWADA,Potato,14.0
17-06-2011,VIJAYWADA,Potato,14.0
20-06-2011,VIJAYWADA,Potato,14.0
21-06-2011,VIJAYWADA,Potato,14.0
22-06-2011,VIJAYWADA,Potato,14.0
23-06-2011,VIJAYWADA,Potato,14.0
24-06-2011,VIJAYWADA,Potato,14.0
27-06-2011,VIJAYWADA,Potato,14.0
28-06-2011,VIJAYWADA,Potato,14.0
29-06-2011,VIJAYWADA,Potato,14.0
30-06-2011,VIJAYWADA,Potato,14.0
01-07-2011,VIJAYWADA,Potato,14.0
04-07-2011,VIJAYWADA,Potato,14.0
05-07-2011,VIJAYWADA,Potato,14.0
06-07-2011,VIJAYWADA,Potato,14.0
07-07-2011,VIJAYWADA,Potato,14.0
08-07-2011,VIJAYWADA,Potato,14.0
11-07-2011,VIJAYWADA,Potato,14.0
12-07-2011,VIJAYWADA,Potato,14.0
13-07-2011,VIJAYWADA,Potato,14.0
14-07-2011,VIJAYWADA,Potato,14.0
15-07-2011,VIJAYWADA,Potato,14.0
18-07-2011,VIJAYWADA,Potato,13.0
19-07-2011,VIJAYWADA,Potato,13.0
20-07-2011,VIJAYWADA,Potato,14.0
21-07-2011,VIJAYWADA,Potato,12.0
22-07-2011,VIJAYWADA,Potato,12.0
25-07-2011,VIJAYWADA,Potato,14.0
26-07-2011,VIJAYWADA,Potato,14.0
27-07-2011,VIJAYWADA,Potato,14.0
28-07-2011,VIJAYWADA,Potato,14.0
29-07-2011,VIJAYWADA,Potato,14.0
01-08-2011,VIJAYWADA,Potato,14.0
02-08-2011,VIJAYWADA,Potato,14.0
03-08-2011,VIJAYWADA,Potato,13.0
04-08-2011,VIJAYWADA,Potato,12.0
05-08-2011,VIJAYWADA,Potato,12.0
08-08-2011,VIJAYWADA,Potato,12.0
09-08-2011,VIJAYWADA,Potato,12.0
10-08-2011,VIJAYWADA,Potato,14.0
11-08-2011,VIJAYWADA,Potato,12.0
12-08-2011,VIJAYWADA,Potato,12.0
16-08-2011,VIJAYWADA,Potato,12.0
17-08-2011,VIJAYWADA,Potato,12.0
18-08-2011,VIJAYWADA,Potato,12.0
19-08-2011,VIJAYWADA,Potato,12.0
23-08-2011,VIJAYWADA,Potato,14.0
24-08-2011,VIJAYWADA,Potato,14.0
25-08-2011,VIJAYWADA,Potato,13.0
26-08-2011,VIJAYWADA,Potato,13.0
29-08-2011,VIJAYWADA,Potato,13.0
30-08-2011,VIJAYWADA,Potato,13.0
01-09-2011,VIJAYWADA,Potato,13.0
02-09-2011,VIJAYWADA,Potato,13.0
05-09-2011,VIJAYWADA,Potato,14.0
06-09-2011,VIJAYWADA,Potato,14.0
07-09-2011,VIJAYWADA,Potato,14.0
08-09-2011,VIJAYWADA,Potato,15.0
09-09-2011,VIJAYWADA,Potato,15.0
12-09-2011,VIJAYWADA,Potato,14.0
13-09-2011,VIJAYWADA,Potato,14.0
14-09-2011,VIJAYWADA,Potato,14.0
15-09-2011,VIJAYWADA,Potato,14.0
16-09-2011,VIJAYWADA,Potato,13.0
19-09-2011,VIJAYWADA,Potato,12.0
20-09-2011,VIJAYWADA,Potato,12.0
21-09-2011,VIJAYWADA,Potato,14.0
22-09-2011,VIJAYWADA,Potato,14.0
23-09-2011,VIJAYWADA,Potato,14.0
26-09-2011,VIJAYWADA,Potato,13.0
27-09-2011,VIJAYWADA,Potato,13.0
28-09-2011,VIJAYWADA,Potato,13.0
29-09-2011,VIJAYWADA,Potato,13.0
30-09-2011,VIJAYWADA,Potato,13.0
03-10-2011,VIJAYWADA,Potato,17.649063032367973
04-10-2011,VIJAYWADA,Potato,17.649063032367973
05-10-2011,VIJAYWADA,Potato,14.0
07-10-2011,VIJAYWADA,Potato,14.0
10-10-2011,VIJAYWADA,Potato,14.0
11-10-2011,VIJAYWADA,Potato,14.0
12-10-2011,VIJAYWADA,Potato,12.0
13-10-2011,VIJAYWADA,Potato,14.0
14-10-2011,VIJAYWADA,Potato,13.0
17-10-2011,VIJAYWADA,Potato,13.0
18-10-2011,VIJAYWADA,Potato,12.0
19-10-2011,VIJAYWADA,Potato,12.0
20-10-2011,VIJAYWADA,Potato,12.0
21-10-2011,VIJAYWADA,Potato,12.0
24-10-2011,VIJAYWADA,Potato,12.0
25-10-2011,VIJAYWADA,Potato,12.0
27-10-2011,VIJAYWADA,Potato,12.0
28-10-2011,VIJAYWADA,Potato,12.0
31-10-2011,VIJAYWADA,Potato,12.0
01-11-2011,VIJAYWADA,Potato,12.0
02-11-2011,VIJAYWADA,Potato,12.0
03-11-2011,VIJAYWADA,Potato,13.0
04-11-2011,VIJAYWADA,Potato,13.0
08-11-2011,VIJAYWADA,Potato,13.0
09-11-2011,VIJAYWADA,Potato,13.0
11-11-2011,VIJAYWADA,Potato,13.0
14-11-2011,VIJAYWADA,Potato,13.0
15-11-2011,VIJAYWADA,Potato,13.0
16-11-2011,VIJAYWADA,Potato,13.0
17-11-2011,VIJAYWADA,Potato,13.0
18-11-2011,VIJAYWADA,Potato,12.0
21-11-2011,VIJAYWADA,Potato,12.0
22-11-2011,VIJAYWADA,Potato,12.0
23-11-2011,VIJAYWADA,Potato,12.0
24-11-2011,VIJAYWADA,Potato,12.0
25-11-2011,VIJAYWADA,Potato,12.0
28-11-2011,VIJAYWADA,Potato,12.0
29-11-2011,VIJAYWADA,Potato,12.0
30-11-2011,VIJAYWADA,Potato,12.0
01-12-2011,VIJAYWADA,Potato,12.0
02-12-2011,VIJAYWADA,Potato,12.0
05-12-2011,VIJAYWADA,Potato,12.0
07-12-2011,VIJAYWADA,Potato,12.0
08-12-2011,VIJAYWADA,Potato,12.0
09-12-2011,VIJAYWADA,Potato,12.0
12-12-2011,VIJAYWADA,Potato,12.0
13-12-2011,VIJAYWADA,Potato,12.0
14-12-2011,VIJAYWADA,Potato,12.0
15-12-2011,VIJAYWADA,Potato,12.0
16-12-2011,VIJAYWADA,Potato,12.0
19-12-2011,VIJAYWADA,Potato,12.0
20-12-2011,VIJAYWADA,Potato,12.0
21-12-2011,VIJAYWADA,Potato,12.0
22-12-2011,VIJAYWADA,Potato,12.0
23-12-2011,VIJAYWADA,Potato,12.0
26-12-2011,VIJAYWADA,Potato,12.0
27-12-2011,VIJAYWADA,Potato,11.0
28-12-2011,VIJAYWADA,Potato,11.0
29-12-2011,VIJAYWADA,Potato,12.0
30-12-2011,VIJAYWADA,Potato,12.0
02-01-2012,VIJAYWADA,Potato,12.0
03-01-2012,VIJAYWADA,Potato,12.0
04-01-2012,VIJAYWADA,Potato,12.0
05-01-2012,VIJAYWADA,Potato,12.0
06-01-2012,VIJAYWADA,Potato,12.0
09-01-2012,VIJAYWADA,Potato,12.0
10-01-2012,VIJAYWADA,Potato,12.0
11-01-2012,VIJAYWADA,Potato,12.0
12-01-2012,VIJAYWADA,Potato,12.0
13-01-2012,VIJAYWADA,Potato,12.0
16-01-2012,VIJAYWADA,Potato,12.0
17-01-2012,VIJAYWADA,Potato,11.0
18-01-2012,VIJAYWADA,Potato,11.0
19-01-2012,VIJAYWADA,Potato,11.0
20-01-2012,VIJAYWADA,Potato,11.0
23-01-2012,VIJAYWADA,Potato,11.0
24-01-2012,VIJAYWADA,Potato,12.0
25-01-2012,VIJAYWADA,Potato,12.0
27-01-2012,VIJAYWADA,Potato,11.0
30-01-2012,VIJAYWADA,Potato,11.0
31-01-2012,VIJAYWADA,Potato,11.0
01-02-2012,VIJAYWADA,Potato,11.0
02-02-2012,VIJAYWADA,Potato,11.0
03-02-2012,VIJAYWADA,Potato,11.0
06-02-2012,VIJAYWADA,Potato,11.0
07-02-2012,VIJAYWADA,Potato,12.0
08-02-2012,VIJAYWADA,Potato,12.0
09-02-2012,VIJAYWADA,Potato,12.0
10-02-2012,VIJAYWADA,Potato,12.0
13-02-2012,VIJAYWADA,Potato,11.0
14-02-2012,VIJAYWADA,Potato,12.0
15-02-2012,VIJAYWADA,Potato,11.0
16-02-2012,VIJAYWADA,Potato,11.0
17-02-2012,VIJAYWADA,Potato,11.0
21-02-2012,VIJAYWADA,Potato,12.0
22-02-2012,VIJAYWADA,Potato,12.0
23-02-2012,VIJAYWADA,Potato,12.0
24-02-2012,VIJAYWADA,Potato,12.0
27-02-2012,VIJAYWADA,Potato,12.0
28-02-2012,VIJAYWADA,Potato,12.0
29-02-2012,VIJAYWADA,Potato,12.0
01-03-2012,VIJAYWADA,Potato,12.0
02-03-2012,VIJAYWADA,Potato,11.0
05-03-2012,VIJAYWADA,Potato,11.0
06-03-2012,VIJAYWADA,Potato,12.0
07-03-2012,VIJAYWADA,Potato,12.0
09-03-2012,VIJAYWADA,Potato,12.0
12-03-2012,VIJAYWADA,Potato,13.0
13-03-2012,VIJAYWADA,Potato,13.0
14-03-2012,VIJAYWADA,Potato,14.0
15-03-2012,VIJAYWADA,Potato,14.0
16-03-2012,VIJAYWADA,Potato,14.0
19-03-2012,VIJAYWADA,Potato,14.0
20-03-2012,VIJAYWADA,Potato,13.0
21-03-2012,VIJAYWADA,Potato,13.0
22-03-2012,VIJAYWADA,Potato,13.0
23-03-2012,VIJAYWADA,Potato,17.649063032367973
26-03-2012,VIJAYWADA,Potato,13.0
27-03-2012,VIJAYWADA,Potato,13.0
28-03-2012,VIJAYWADA,Potato,14.0
29-03-2012,VIJAYWADA,Potato,14.0
30-03-2012,VIJAYWADA,Potato,14.0
02-04-2012,VIJAYWADA,Potato,14.0
03-04-2012,VIJAYWADA,Potato,15.0
04-04-2012,VIJAYWADA,Potato,15.0
09-04-2012,VIJAYWADA,Potato,16.0
10-04-2012,VIJAYWADA,Potato,16.0
11-04-2012,VIJAYWADA,Potato,16.0
12-04-2012,VIJAYWADA,Potato,16.0
13-04-2012,VIJAYWADA,Potato,16.0
16-04-2012,VIJAYWADA,Potato,16.0
17-04-2012,VIJAYWADA,Potato,16.0
18-04-2012,VIJAYWADA,Potato,16.0
19-04-2012,VIJAYWADA,Potato,16.0
20-04-2012,VIJAYWADA,Potato,16.0
23-04-2012,VIJAYWADA,Potato,16.0
24-04-2012,VIJAYWADA,Potato,16.0
25-04-2012,VIJAYWADA,Potato,16.0
26-04-2012,VIJAYWADA,Potato,16.0
27-04-2012,VIJAYWADA,Potato,17.0
30-04-2012,VIJAYWADA,Potato,17.0
01-05-2012,VIJAYWADA,Potato,17.0
02-05-2012,VIJAYWADA,Potato,17.0
03-05-2012,VIJAYWADA,Potato,17.0
04-05-2012,VIJAYWADA,Potato,17.0
07-05-2012,VIJAYWADA,Potato,17.0
08-05-2012,VIJAYWADA,Potato,17.0
09-05-2012,VIJAYWADA,Potato,17.0
10-05-2012,VIJAYWADA,Potato,17.0
11-05-2012,VIJAYWADA,Potato,17.0
14-05-2012,VIJAYWADA,Potato,17.0
15-05-2012,VIJAYWADA,Potato,18.0
16-05-2012,VIJAYWADA,Potato,18.0
17-05-2012,VIJAYWADA,Potato,18.0
18-05-2012,VIJAYWADA,Potato,18.0
21-05-2012,VIJAYWADA,Potato,18.0
22-05-2012,VIJAYWADA,Potato,18.0
23-05-2012,VIJAYWADA,Potato,18.0
24-05-2012,VIJAYWADA,Potato,18.0
25-05-2012,VIJAYWADA,Potato,17.0
28-05-2012,VIJAYWADA,Potato,17.0
29-05-2012,VIJAYWADA,Potato,17.0
30-05-2012,VIJAYWADA,Potato,17.0
31-05-2012,VIJAYWADA,Potato,17.0
01-06-2012,VIJAYWADA,Potato,17.0
04-06-2012,VIJAYWADA,Potato,17.0
05-06-2012,VIJAYWADA,Potato,18.0
06-06-2012,VIJAYWADA,Potato,18.0
07-06-2012,VIJAYWADA,Potato,18.0
08-06-2012,VIJAYWADA,Potato,18.0
11-06-2012,VIJAYWADA,Potato,18.0
12-06-2012,VIJAYWADA,Potato,18.0
13-06-2012,VIJAYWADA,Potato,18.0
14-06-2012,VIJAYWADA,Potato,18.0
15-06-2012,VIJAYWADA,Potato,18.0
18-06-2012,VIJAYWADA,Potato,18.0
19-06-2012,VIJAYWADA,Potato,19.0
20-06-2012,VIJAYWADA,Potato,19.0
21-06-2012,VIJAYWADA,Potato,19.0
22-06-2012,VIJAYWADA,Potato,19.0
25-06-2012,VIJAYWADA,Potato,18.0
26-06-2012,VIJAYWADA,Potato,18.0
27-06-2012,VIJAYWADA,Potato,18.0
28-06-2012,VIJAYWADA,Potato,18.0
29-06-2012,VIJAYWADA,Potato,18.0
02-07-2012,VIJAYWADA,Potato,18.0
03-07-2012,VIJAYWADA,Potato,18.0
04-07-2012,VIJAYWADA,Potato,18.0
05-07-2012,VIJAYWADA,Potato,18.0
06-07-2012,VIJAYWADA,Potato,18.0
09-07-2012,VIJAYWADA,Potato,18.0
10-07-2012,VIJAYWADA,Potato,18.0
11-07-2012,VIJAYWADA,Potato,18.0
12-07-2012,VIJAYWADA,Potato,18.0
13-07-2012,VIJAYWADA,Potato,18.0
16-07-2012,VIJAYWADA,Potato,18.0
17-07-2012,VIJAYWADA,Potato,19.0
18-07-2012,VIJAYWADA,Potato,19.0
19-07-2012,VIJAYWADA,Potato,19.0
20-07-2012,VIJAYWADA,Potato,19.0
23-07-2012,VIJAYWADA,Potato,19.0
24-07-2012,VIJAYWADA,Potato,20.0
25-07-2012,VIJAYWADA,Potato,20.0
26-07-2012,VIJAYWADA,Potato,20.0
27-07-2012,VIJAYWADA,Potato,21.0
30-07-2012,VIJAYWADA,Potato,21.0
31-07-2012,VIJAYWADA,Potato,20.0
01-08-2012,VIJAYWADA,Potato,21.0
02-08-2012,VIJAYWADA,Potato,20.0
03-08-2012,VIJAYWADA,Potato,21.0
06-08-2012,VIJAYWADA,Potato,21.0
07-08-2012,VIJAYWADA,Potato,20.0
08-08-2012,VIJAYWADA,Potato,21.0
09-08-2012,VIJAYWADA,Potato,21.0
13-08-2012,VIJAYWADA,Potato,21.0
14-08-2012,VIJAYWADA,Potato,21.0
16-08-2012,VIJAYWADA,Potato,21.0
17-08-2012,VIJAYWADA,Potato,21.0
21-08-2012,VIJAYWADA,Potato,20.0
22-08-2012,VIJAYWADA,Potato,20.0
23-08-2012,VIJAYWADA,Potato,20.0
24-08-2012,VIJAYWADA,Potato,20.0
27-08-2012,VIJAYWADA,Potato,20.0
28-08-2012,VIJAYWADA,Potato,20.0
29-08-2012,VIJAYWADA,Potato,20.0
30-08-2012,VIJAYWADA,Potato,20.0
31-08-2012,VIJAYWADA,Potato,20.0
03-09-2012,VIJAYWADA,Potato,20.0
04-09-2012,VIJAYWADA,Potato,20.0
05-09-2012,VIJAYWADA,Potato,20.0
06-09-2012,VIJAYWADA,Potato,20.0
07-09-2012,VIJAYWADA,Potato,20.0
10-09-2012,VIJAYWADA,Potato,20.0
11-09-2012,VIJAYWADA,Potato,20.0
12-09-2012,VIJAYWADA,Potato,20.0
13-09-2012,VIJAYWADA,Potato,20.0
14-09-2012,VIJAYWADA,Potato,20.0
17-09-2012,VIJAYWADA,Potato,19.0
18-09-2012,VIJAYWADA,Potato,19.0
19-09-2012,VIJAYWADA,Potato,17.649063032367973
20-09-2012,VIJAYWADA,Potato,19.0
21-09-2012,VIJAYWADA,Potato,19.0
24-09-2012,VIJAYWADA,Potato,19.0
25-09-2012,VIJAYWADA,Potato,19.0
26-09-2012,VIJAYWADA,Potato,19.0
27-09-2012,VIJAYWADA,Potato,18.0
28-09-2012,VIJAYWADA,Potato,18.0
01-10-2012,VIJAYWADA,Potato,17.0
03-10-2012,VIJAYWADA,Potato,18.0
04-10-2012,VIJAYWADA,Potato,18.0
05-10-2012,VIJAYWADA,Potato,18.0
08-10-2012,VIJAYWADA,Potato,19.0
09-10-2012,VIJAYWADA,Potato,19.0
10-10-2012,VIJAYWADA,Potato,19.0
11-10-2012,VIJAYWADA,Potato,19.0
12-10-2012,VIJAYWADA,Potato,19.0
15-10-2012,VIJAYWADA,Potato,19.0
16-10-2012,VIJAYWADA,Potato,17.0
17-10-2012,VIJAYWADA,Potato,16.0
18-10-2012,VIJAYWADA,Potato,16.0
19-10-2012,VIJAYWADA,Potato,17.0
22-10-2012,VIJAYWADA,Potato,17.649063032367973
23-10-2012,VIJAYWADA,Potato,17.0
25-10-2012,VIJAYWADA,Potato,17.0
26-10-2012,VIJAYWADA,Potato,17.0
29-10-2012,VIJAYWADA,Potato,17.0
30-10-2012,VIJAYWADA,Potato,18.0
31-10-2012,VIJAYWADA,Potato,18.0
01-11-2012,VIJAYWADA,Potato,18.0
02-11-2012,VIJAYWADA,Potato,18.0
05-11-2012,VIJAYWADA,Potato,18.0
06-11-2012,VIJAYWADA,Potato,18.0
07-11-2012,VIJAYWADA,Potato,18.0
08-11-2012,VIJAYWADA,Potato,18.0
09-11-2012,VIJAYWADA,Potato,18.0
12-11-2012,VIJAYWADA,Potato,18.0
14-11-2012,VIJAYWADA,Potato,18.0
15-11-2012,VIJAYWADA,Potato,18.0
16-11-2012,VIJAYWADA,Potato,18.0
19-11-2012,VIJAYWADA,Potato,18.0
20-11-2012,VIJAYWADA,Potato,19.0
21-11-2012,VIJAYWADA,Potato,19.0
22-11-2012,VIJAYWADA,Potato,19.0
23-11-2012,VIJAYWADA,Potato,19.0
26-11-2012,VIJAYWADA,Potato,18.0
27-11-2012,VIJAYWADA,Potato,18.0
29-11-2012,VIJAYWADA,Potato,19.0
30-11-2012,VIJAYWADA,Potato,19.0
03-12-2012,VIJAYWADA,Potato,19.0
04-12-2012,VIJAYWADA,Potato,19.0
05-12-2012,VIJAYWADA,Potato,19.0
06-12-2012,VIJAYWADA,Potato,20.0
07-12-2012,VIJAYWADA,Potato,19.0
10-12-2012,VIJAYWADA,Potato,19.0
11-12-2012,VIJAYWADA,Potato,19.0
12-12-2012,VIJAYWADA,Potato,19.0
13-12-2012,VIJAYWADA,Potato,20.0
14-12-2012,VIJAYWADA,Potato,20.0
17-12-2012,VIJAYWADA,Potato,18.0
18-12-2012,VIJAYWADA,Potato,18.0
19-12-2012,VIJAYWADA,Potato,18.0
20-12-2012,VIJAYWADA,Potato,18.0
21-12-2012,VIJAYWADA,Potato,18.0
24-12-2012,VIJAYWADA,Potato,17.0
26-12-2012,VIJAYWADA,Potato,17.0
27-12-2012,VIJAYWADA,Potato,17.0
28-12-2012,VIJAYWADA,Potato,18.0
31-12-2012,VIJAYWADA,Potato,19.0
01-01-2013,VIJAYWADA,Potato,19.0
02-01-2013,VIJAYWADA,Potato,19.0
03-01-2013,VIJAYWADA,Potato,19.0
04-01-2013,VIJAYWADA,Potato,21.0
07-01-2013,VIJAYWADA,Potato,19.0
08-01-2013,VIJAYWADA,Potato,17.0
09-01-2013,VIJAYWADA,Potato,18.0
10-01-2013,VIJAYWADA,Potato,16.0
11-01-2013,VIJAYWADA,Potato,15.0
14-01-2013,VIJAYWADA,Potato,17.649063032367973
15-01-2013,VIJAYWADA,Potato,17.0
16-01-2013,VIJAYWADA,Potato,17.0
17-01-2013,VIJAYWADA,Potato,17.0
18-01-2013,VIJAYWADA,Potato,18.0
21-01-2013,VIJAYWADA,Potato,19.0
22-01-2013,VIJAYWADA,Potato,17.0
23-01-2013,VIJAYWADA,Potato,17.0
24-01-2013,VIJAYWADA,Potato,17.0
28-01-2013,VIJAYWADA,Potato,16.0
30-01-2013,VIJAYWADA,Potato,17.0
31-01-2013,VIJAYWADA,Potato,17.0
01-02-2013,VIJAYWADA,Potato,18.0
04-02-2013,VIJAYWADA,Potato,18.0
05-02-2013,VIJAYWADA,Potato,18.0
06-02-2013,VIJAYWADA,Potato,18.0
07-02-2013,VIJAYWADA,Potato,19.0
08-02-2013,VIJAYWADA,Potato,18.0
11-02-2013,VIJAYWADA,Potato,17.0
12-02-2013,VIJAYWADA,Potato,18.0
13-02-2013,VIJAYWADA,Potato,18.0
14-02-2013,VIJAYWADA,Potato,18.0
15-02-2013,VIJAYWADA,Potato,18.0
18-02-2013,VIJAYWADA,Potato,18.0
19-02-2013,VIJAYWADA,Potato,18.0
20-02-2013,VIJAYWADA,Potato,18.0
21-02-2013,VIJAYWADA,Potato,18.0
22-02-2013,VIJAYWADA,Potato,18.0
25-02-2013,VIJAYWADA,Potato,18.0
26-02-2013,VIJAYWADA,Potato,18.0
27-02-2013,VIJAYWADA,Potato,19.0
28-02-2013,VIJAYWADA,Potato,17.0
01-03-2013,VIJAYWADA,Potato,17.0
04-03-2013,VIJAYWADA,Potato,16.0
05-03-2013,VIJAYWADA,Potato,15.0
06-03-2013,VIJAYWADA,Potato,16.0
07-03-2013,VIJAYWADA,Potato,16.0
08-03-2013,VIJAYWADA,Potato,16.0
11-03-2013,VIJAYWADA,Potato,15.0
12-03-2013,VIJAYWADA,Potato,15.0
13-03-2013,VIJAYWADA,Potato,15.0
14-03-2013,VIJAYWADA,Potato,15.0
15-03-2013,VIJAYWADA,Potato,15.0
18-03-2013,VIJAYWADA,Potato,15.0
19-03-2013,VIJAYWADA,Potato,15.0
20-03-2013,VIJAYWADA,Potato,15.0
21-03-2013,VIJAYWADA,Potato,15.0
22-03-2013,VIJAYWADA,Potato,15.0
25-03-2013,VIJAYWADA,Potato,15.0
26-03-2013,VIJAYWADA,Potato,15.0
28-03-2013,VIJAYWADA,Potato,15.0
01-04-2013,VIJAYWADA,Potato,16.0
02-04-2013,VIJAYWADA,Potato,16.0
03-04-2013,VIJAYWADA,Potato,16.0
04-04-2013,VIJAYWADA,Potato,16.0
05-04-2013,VIJAYWADA,Potato,17.649063032367973
08-04-2013,VIJAYWADA,Potato,16.0
09-04-2013,VIJAYWADA,Potato,16.0
10-04-2013,VIJAYWADA,Potato,16.0
11-04-2013,VIJAYWADA,Potato,17.649063032367973
12-04-2013,VIJAYWADA,Potato,16.0
15-04-2013,VIJAYWADA,Potato,18.0
16-04-2013,VIJAYWADA,Potato,18.0
17-04-2013,VIJAYWADA,Potato,18.0
18-04-2013,VIJAYWADA,Potato,18.0
22-04-2013,VIJAYWADA,Potato,19.0
23-04-2013,VIJAYWADA,Potato,19.0
25-04-2013,VIJAYWADA,Potato,18.0
26-04-2013,VIJAYWADA,Potato,18.0
29-04-2013,VIJAYWADA,Potato,18.0
30-04-2013,VIJAYWADA,Potato,18.0
01-05-2013,VIJAYWADA,Potato,18.0
02-05-2013,VIJAYWADA,Potato,18.0
03-05-2013,VIJAYWADA,Potato,18.0
06-05-2013,VIJAYWADA,Potato,18.0
07-05-2013,VIJAYWADA,Potato,18.0
08-05-2013,VIJAYWADA,Potato,18.0
09-05-2013,VIJAYWADA,Potato,18.0
10-05-2013,VIJAYWADA,Potato,18.0
13-05-2013,VIJAYWADA,Potato,19.0
14-05-2013,VIJAYWADA,Potato,19.0
15-05-2013,VIJAYWADA,Potato,19.0
16-05-2013,VIJAYWADA,Potato,18.0
17-05-2013,VIJAYWADA,Potato,18.0
20-05-2013,VIJAYWADA,Potato,17.0
21-05-2013,VIJAYWADA,Potato,17.0
22-05-2013,VIJAYWADA,Potato,18.0
23-05-2013,VIJAYWADA,Potato,18.0
24-05-2013,VIJAYWADA,Potato,18.0
27-05-2013,VIJAYWADA,Potato,19.0
28-05-2013,VIJAYWADA,Potato,19.0
29-05-2013,VIJAYWADA,Potato,19.0
30-05-2013,VIJAYWADA,Potato,19.0
31-05-2013,VIJAYWADA,Potato,19.0
03-06-2013,VIJAYWADA,Potato,19.0
04-06-2013,VIJAYWADA,Potato,19.0
05-06-2013,VIJAYWADA,Potato,19.0
06-06-2013,VIJAYWADA,Potato,19.0
07-06-2013,VIJAYWADA,Potato,19.0
10-06-2013,VIJAYWADA,Potato,19.0
11-06-2013,VIJAYWADA,Potato,18.0
12-06-2013,VIJAYWADA,Potato,18.0
13-06-2013,VIJAYWADA,Potato,18.0
14-06-2013,VIJAYWADA,Potato,18.0
17-06-2013,VIJAYWADA,Potato,17.0
18-06-2013,VIJAYWADA,Potato,18.0
19-06-2013,VIJAYWADA,Potato,17.0
20-06-2013,VIJAYWADA,Potato,17.0
21-06-2013,VIJAYWADA,Potato,18.0
24-06-2013,VIJAYWADA,Potato,18.0
25-06-2013,VIJAYWADA,Potato,18.0
26-06-2013,VIJAYWADA,Potato,18.0
27-06-2013,VIJAYWADA,Potato,18.0
28-06-2013,VIJAYWADA,Potato,18.0
01-07-2013,VIJAYWADA,Potato,17.0
02-07-2013,VIJAYWADA,Potato,17.0
03-07-2013,VIJAYWADA,Potato,18.0
04-07-2013,VIJAYWADA,Potato,18.0
05-07-2013,VIJAYWADA,Potato,18.0
08-07-2013,VIJAYWADA,Potato,17.0
09-07-2013,VIJAYWADA,Potato,17.0
10-07-2013,VIJAYWADA,Potato,17.0
11-07-2013,VIJAYWADA,Potato,18.0
12-07-2013,VIJAYWADA,Potato,18.0
15-07-2013,VIJAYWADA,Potato,17.0
16-07-2013,VIJAYWADA,Potato,17.0
17-07-2013,VIJAYWADA,Potato,17.0
18-07-2013,VIJAYWADA,Potato,17.0
19-07-2013,VIJAYWADA,Potato,17.0
22-07-2013,VIJAYWADA,Potato,18.0
23-07-2013,VIJAYWADA,Potato,18.0
24-07-2013,VIJAYWADA,Potato,18.0
25-07-2013,VIJAYWADA,Potato,17.0
26-07-2013,VIJAYWADA,Potato,18.0
29-07-2013,VIJAYWADA,Potato,17.0
30-07-2013,VIJAYWADA,Potato,17.0
31-07-2013,VIJAYWADA,Potato,17.0
01-08-2013,VIJAYWADA,Potato,17.0
02-08-2013,VIJAYWADA,Potato,17.0
05-08-2013,VIJAYWADA,Potato,18.0
06-08-2013,VIJAYWADA,Potato,18.0
07-08-2013,VIJAYWADA,Potato,17.0
08-08-2013,VIJAYWADA,Potato,17.0
12-08-2013,VIJAYWADA,Potato,17.0
13-08-2013,VIJAYWADA,Potato,17.649063032367973
14-08-2013,VIJAYWADA,Potato,17.649063032367973
16-08-2013,VIJAYWADA,Potato,17.649063032367973
19-08-2013,VIJAYWADA,Potato,17.649063032367973
20-08-2013,VIJAYWADA,Potato,17.649063032367973
21-08-2013,VIJAYWADA,Potato,17.649063032367973
22-08-2013,VIJAYWADA,Potato,17.649063032367973
23-08-2013,VIJAYWADA,Potato,17.649063032367973
26-08-2013,VIJAYWADA,Potato,17.649063032367973
27-08-2013,VIJAYWADA,Potato,17.649063032367973
29-08-2013,VIJAYWADA,Potato,17.649063032367973
30-08-2013,VIJAYWADA,Potato,17.649063032367973
02-09-2013,VIJAYWADA,Potato,17.649063032367973
03-09-2013,VIJAYWADA,Potato,17.649063032367973
04-09-2013,VIJAYWADA,Potato,17.649063032367973
05-09-2013,VIJAYWADA,Potato,17.649063032367973
06-09-2013,VIJAYWADA,Potato,17.649063032367973
09-09-2013,VIJAYWADA,Potato,17.649063032367973
10-09-2013,VIJAYWADA,Potato,17.649063032367973
11-09-2013,VIJAYWADA,Potato,17.649063032367973
12-09-2013,VIJAYWADA,Potato,17.649063032367973
13-09-2013,VIJAYWADA,Potato,17.649063032367973
16-09-2013,VIJAYWADA,Potato,17.649063032367973
17-09-2013,VIJAYWADA,Potato,17.649063032367973
18-09-2013,VIJAYWADA,Potato,17.649063032367973
19-09-2013,VIJAYWADA,Potato,17.649063032367973
20-09-2013,VIJAYWADA,Potato,17.649063032367973
23-09-2013,VIJAYWADA,Potato,17.649063032367973
24-09-2013,VIJAYWADA,Potato,17.649063032367973
25-09-2013,VIJAYWADA,Potato,17.649063032367973
26-09-2013,VIJAYWADA,Potato,17.649063032367973
27-09-2013,VIJAYWADA,Potato,17.649063032367973
30-09-2013,VIJAYWADA,Potato,17.649063032367973
01-10-2013,VIJAYWADA,Potato,17.649063032367973
03-10-2013,VIJAYWADA,Potato,17.649063032367973
04-10-2013,VIJAYWADA,Potato,17.649063032367973
07-10-2013,VIJAYWADA,Potato,17.649063032367973
08-10-2013,VIJAYWADA,Potato,17.649063032367973
09-10-2013,VIJAYWADA,Potato,17.649063032367973
10-10-2013,VIJAYWADA,Potato,17.649063032367973
11-10-2013,VIJAYWADA,Potato,17.649063032367973
14-10-2013,VIJAYWADA,Potato,17.649063032367973
15-10-2013,VIJAYWADA,Potato,17.649063032367973
17-10-2013,VIJAYWADA,Potato,17.649063032367973
18-10-2013,VIJAYWADA,Potato,17.649063032367973
21-10-2013,VIJAYWADA,Potato,19.0
22-10-2013,VIJAYWADA,Potato,20.0
23-10-2013,VIJAYWADA,Potato,20.0
24-10-2013,VIJAYWADA,Potato,21.0
25-10-2013,VIJAYWADA,Potato,21.0
28-10-2013,VIJAYWADA,Potato,22.0
29-10-2013,VIJAYWADA,Potato,23.0
30-10-2013,VIJAYWADA,Potato,23.0
31-10-2013,VIJAYWADA,Potato,23.0
01-11-2013,VIJAYWADA,Potato,23.0
04-11-2013,VIJAYWADA,Potato,23.0
05-11-2013,VIJAYWADA,Potato,24.0
06-11-2013,VIJAYWADA,Potato,25.0
07-11-2013,VIJAYWADA,Potato,26.0
08-11-2013,VIJAYWADA,Potato,29.0
11-11-2013,VIJAYWADA,Potato,30.0
12-11-2013,VIJAYWADA,Potato,30.0
13-11-2013,VIJAYWADA,Potato,29.0
14-11-2013,VIJAYWADA,Potato,29.0
18-11-2013,VIJAYWADA,Potato,28.0
19-11-2013,VIJAYWADA,Potato,27.0
20-11-2013,VIJAYWADA,Potato,27.0
21-11-2013,VIJAYWADA,Potato,27.0
22-11-2013,VIJAYWADA,Potato,27.0
25-11-2013,VIJAYWADA,Potato,27.0
26-11-2013,VIJAYWADA,Potato,25.0
27-11-2013,VIJAYWADA,Potato,25.0
28-11-2013,VIJAYWADA,Potato,25.0
29-11-2013,VIJAYWADA,Potato,26.0
02-12-2013,VIJAYWADA,Potato,25.0
03-12-2013,VIJAYWADA,Potato,25.0
05-12-2013,VIJAYWADA,Potato,25.0
06-12-2013,VIJAYWADA,Potato,25.0
09-12-2013,VIJAYWADA,Potato,25.0
10-12-2013,VIJAYWADA,Potato,25.0
11-12-2013,VIJAYWADA,Potato,25.0
12-12-2013,VIJAYWADA,Potato,25.0
13-12-2013,VIJAYWADA,Potato,26.0
16-12-2013,VIJAYWADA,Potato,26.0
17-12-2013,VIJAYWADA,Potato,26.0
18-12-2013,VIJAYWADA,Potato,25.0
19-12-2013,VIJAYWADA,Potato,25.0
20-12-2013,VIJAYWADA,Potato,25.0
23-12-2013,VIJAYWADA,Potato,24.0
24-12-2013,VIJAYWADA,Potato,24.0
26-12-2013,VIJAYWADA,Potato,24.0
27-12-2013,VIJAYWADA,Potato,24.0
30-12-2013,VIJAYWADA,Potato,23.0
31-12-2013,VIJAYWADA,Potato,21.0
01-01-2014,VIJAYWADA,Potato,21.0
02-01-2014,VIJAYWADA,Potato,21.0
03-01-2014,VIJAYWADA,Potato,21.0
06-01-2014,VIJAYWADA,Potato,21.0
07-01-2014,VIJAYWADA,Potato,21.0
08-01-2014,VIJAYWADA,Potato,21.0
09-01-2014,VIJAYWADA,Potato,20.0
10-01-2014,VIJAYWADA,Potato,20.0
13-01-2014,VIJAYWADA,Potato,17.649063032367973
15-01-2014,VIJAYWADA,Potato,19.0
16-01-2014,VIJAYWADA,Potato,19.0
17-01-2014,VIJAYWADA,Potato,19.0
20-01-2014,VIJAYWADA,Potato,18.0
21-01-2014,VIJAYWADA,Potato,18.0
22-01-2014,VIJAYWADA,Potato,17.0
23-01-2014,VIJAYWADA,Potato,17.0
24-01-2014,VIJAYWADA,Potato,17.0
27-01-2014,VIJAYWADA,Potato,17.0
28-01-2014,VIJAYWADA,Potato,17.0
30-01-2014,VIJAYWADA,Potato,17.0
31-01-2014,VIJAYWADA,Potato,17.0
03-02-2014,VIJAYWADA,Potato,17.0
04-02-2014,VIJAYWADA,Potato,17.0
05-02-2014,VIJAYWADA,Potato,17.0
06-02-2014,VIJAYWADA,Potato,17.0
07-02-2014,VIJAYWADA,Potato,17.0
10-02-2014,VIJAYWADA,Potato,17.0
11-02-2014,VIJAYWADA,Potato,17.0
12-02-2014,VIJAYWADA,Potato,17.0
13-02-2014,VIJAYWADA,Potato,17.0
14-02-2014,VIJAYWADA,Potato,17.0
17-02-2014,VIJAYWADA,Potato,17.0
18-02-2014,VIJAYWADA,Potato,17.0
19-02-2014,VIJAYWADA,Potato,17.0
20-02-2014,VIJAYWADA,Potato,18.0
21-02-2014,VIJAYWADA,Potato,18.0
24-02-2014,VIJAYWADA,Potato,18.0
25-02-2014,VIJAYWADA,Potato,18.0
26-02-2014,VIJAYWADA,Potato,18.0
27-02-2014,VIJAYWADA,Potato,17.649063032367973
28-02-2014,VIJAYWADA,Potato,18.0
03-03-2014,VIJAYWADA,Potato,19.0
04-03-2014,VIJAYWADA,Potato,19.0
05-03-2014,VIJAYWADA,Potato,19.0
06-03-2014,VIJAYWADA,Potato,19.0
07-03-2014,VIJAYWADA,Potato,19.0
10-03-2014,VIJAYWADA,Potato,19.0
11-03-2014,VIJAYWADA,Potato,19.0
12-03-2014,VIJAYWADA,Potato,19.0
13-03-2014,VIJAYWADA,Potato,19.0
14-03-2014,VIJAYWADA,Potato,18.0
18-03-2014,VIJAYWADA,Potato,18.0
19-03-2014,VIJAYWADA,Potato,18.0
20-03-2014,VIJAYWADA,Potato,18.0
21-03-2014,VIJAYWADA,Potato,18.0
24-03-2014,VIJAYWADA,Potato,18.0
25-03-2014,VIJAYWADA,Potato,18.0
26-03-2014,VIJAYWADA,Potato,18.0
27-03-2014,VIJAYWADA,Potato,18.0
28-03-2014,VIJAYWADA,Potato,18.0
31-03-2014,VIJAYWADA,Potato,17.649063032367973
01-04-2014,VIJAYWADA,Potato,19.0
02-04-2014,VIJAYWADA,Potato,19.0
03-04-2014,VIJAYWADA,Potato,19.0
04-04-2014,VIJAYWADA,Potato,19.0
07-04-2014,VIJAYWADA,Potato,20.0
09-04-2014,VIJAYWADA,Potato,20.0
11-04-2014,VIJAYWADA,Potato,20.0
15-04-2014,VIJAYWADA,Potato,20.0
16-04-2014,VIJAYWADA,Potato,20.0
17-04-2014,VIJAYWADA,Potato,21.0
21-04-2014,VIJAYWADA,Potato,21.0
22-04-2014,VIJAYWADA,Potato,21.0
23-04-2014,VIJAYWADA,Potato,21.0
24-04-2014,VIJAYWADA,Potato,21.0
25-04-2014,VIJAYWADA,Potato,21.0
28-04-2014,VIJAYWADA,Potato,21.0
29-04-2014,VIJAYWADA,Potato,20.0
30-04-2014,VIJAYWADA,Potato,17.649063032367973
01-05-2014,VIJAYWADA,Potato,20.0
02-05-2014,VIJAYWADA,Potato,19.0
05-05-2014,VIJAYWADA,Potato,20.0
06-05-2014,VIJAYWADA,Potato,20.0
07-05-2014,VIJAYWADA,Potato,17.649063032367973
08-05-2014,VIJAYWADA,Potato,20.0
09-05-2014,VIJAYWADA,Potato,22.0
12-05-2014,VIJAYWADA,Potato,21.0
13-05-2014,VIJAYWADA,Potato,21.0
15-05-2014,VIJAYWADA,Potato,22.0
16-05-2014,VIJAYWADA,Potato,22.0
19-05-2014,VIJAYWADA,Potato,22.0
20-05-2014,VIJAYWADA,Potato,22.0
21-05-2014,VIJAYWADA,Potato,22.0
22-05-2014,VIJAYWADA,Potato,22.0
23-05-2014,VIJAYWADA,Potato,22.0
26-05-2014,VIJAYWADA,Potato,22.0
27-05-2014,VIJAYWADA,Potato,22.0
28-05-2014,VIJAYWADA,Potato,22.0
29-05-2014,VIJAYWADA,Potato,22.0
30-05-2014,VIJAYWADA,Potato,22.0
02-06-2014,VIJAYWADA,Potato,22.0
03-06-2014,VIJAYWADA,Potato,22.0
04-06-2014,VIJAYWADA,Potato,22.0
05-06-2014,VIJAYWADA,Potato,22.0
06-06-2014,VIJAYWADA,Potato,22.0
09-06-2014,VIJAYWADA,Potato,23.0
10-06-2014,VIJAYWADA,Potato,23.0
11-06-2014,VIJAYWADA,Potato,23.0
12-06-2014,VIJAYWADA,Potato,23.0
13-06-2014,VIJAYWADA,Potato,23.0
16-06-2014,VIJAYWADA,Potato,24.0
17-06-2014,VIJAYWADA,Potato,24.0
18-06-2014,VIJAYWADA,Potato,24.0
19-06-2014,VIJAYWADA,Potato,24.0
20-06-2014,VIJAYWADA,Potato,24.0
23-06-2014,VIJAYWADA,Potato,24.0
24-06-2014,VIJAYWADA,Potato,24.0
25-06-2014,VIJAYWADA,Potato,24.0
26-06-2014,VIJAYWADA,Potato,25.0
27-06-2014,VIJAYWADA,Potato,25.0
30-06-2014,VIJAYWADA,Potato,25.0
01-07-2014,VIJAYWADA,Potato,25.0
02-07-2014,VIJAYWADA,Potato,25.0
03-07-2014,VIJAYWADA,Potato,25.0
04-07-2014,VIJAYWADA,Potato,25.0
07-07-2014,VIJAYWADA,Potato,25.0
08-07-2014,VIJAYWADA,Potato,25.0
09-07-2014,VIJAYWADA,Potato,25.0
10-07-2014,VIJAYWADA,Potato,25.0
11-07-2014,VIJAYWADA,Potato,25.0
14-07-2014,VIJAYWADA,Potato,25.0
15-07-2014,VIJAYWADA,Potato,25.0
16-07-2014,VIJAYWADA,Potato,25.0
17-07-2014,VIJAYWADA,Potato,25.0
18-07-2014,VIJAYWADA,Potato,25.0
21-07-2014,VIJAYWADA,Potato,25.0
22-07-2014,VIJAYWADA,Potato,25.0
23-07-2014,VIJAYWADA,Potato,25.0
24-07-2014,VIJAYWADA,Potato,25.0
25-07-2014,VIJAYWADA,Potato,25.0
28-07-2014,VIJAYWADA,Potato,25.0
30-07-2014,VIJAYWADA,Potato,26.0
31-07-2014,VIJAYWADA,Potato,26.0
01-08-2014,VIJAYWADA,Potato,26.0
04-08-2014,VIJAYWADA,Potato,26.0
05-08-2014,VIJAYWADA,Potato,26.0
06-08-2014,VIJAYWADA,Potato,26.0
07-08-2014,VIJAYWADA,Potato,26.0
08-08-2014,VIJAYWADA,Potato,26.0
11-08-2014,VIJAYWADA,Potato,26.0
12-08-2014,VIJAYWADA,Potato,17.649063032367973
13-08-2014,VIJAYWADA,Potato,26.0
14-08-2014,VIJAYWADA,Potato,28.0
19-08-2014,VIJAYWADA,Potato,28.0
20-08-2014,VIJAYWADA,Potato,30.0
21-08-2014,VIJAYWADA,Potato,30.0
22-08-2014,VIJAYWADA,Potato,30.0
25-08-2014,VIJAYWADA,Potato,30.0
26-08-2014,VIJAYWADA,Potato,30.0
27-08-2014,VIJAYWADA,Potato,30.0
28-08-2014,VIJAYWADA,Potato,30.0
29-08-2014,VIJAYWADA,Potato,17.649063032367973
01-09-2014,VIJAYWADA,Potato,30.0
02-09-2014,VIJAYWADA,Potato,30.0
03-09-2014,VIJAYWADA,Potato,30.0
04-09-2014,VIJAYWADA,Potato,30.0
05-09-2014,VIJAYWADA,Potato,30.0
08-09-2014,VIJAYWADA,Potato,17.649063032367973
09-09-2014,VIJAYWADA,Potato,30.0
10-09-2014,VIJAYWADA,Potato,30.0
11-09-2014,VIJAYWADA,Potato,30.0
12-09-2014,VIJAYWADA,Potato,30.0
15-09-2014,VIJAYWADA,Potato,30.0
16-09-2014,VIJAYWADA,Potato,30.0
17-09-2014,VIJAYWADA,Potato,30.0
18-09-2014,VIJAYWADA,Potato,30.0
19-09-2014,VIJAYWADA,Potato,30.0
22-09-2014,VIJAYWADA,Potato,30.0
23-09-2014,VIJAYWADA,Potato,30.0
24-09-2014,VIJAYWADA,Potato,30.0
25-09-2014,VIJAYWADA,Potato,30.0
26-09-2014,VIJAYWADA,Potato,30.0
29-09-2014,VIJAYWADA,Potato,30.0
30-09-2014,VIJAYWADA,Potato,30.0
07-10-2014,VIJAYWADA,Potato,30.0
08-10-2014,VIJAYWADA,Potato,30.0
09-10-2014,VIJAYWADA,Potato,30.0
10-10-2014,VIJAYWADA,Potato,30.0
13-10-2014,VIJAYWADA,Potato,30.0
14-10-2014,VIJAYWADA,Potato,30.0
15-10-2014,VIJAYWADA,Potato,30.0
16-10-2014,VIJAYWADA,Potato,30.0
17-10-2014,VIJAYWADA,Potato,30.0
20-10-2014,VIJAYWADA,Potato,30.0
21-10-2014,VIJAYWADA,Potato,30.0
22-10-2014,VIJAYWADA,Potato,30.0
24-10-2014,VIJAYWADA,Potato,31.0
27-10-2014,VIJAYWADA,Potato,31.0
28-10-2014,VIJAYWADA,Potato,31.0
29-10-2014,VIJAYWADA,Potato,31.0
31-10-2014,VIJAYWADA,Potato,31.0
03-11-2014,VIJAYWADA,Potato,31.0
05-11-2014,VIJAYWADA,Potato,31.0
07-11-2014,VIJAYWADA,Potato,33.0
10-11-2014,VIJAYWADA,Potato,34.0
11-11-2014,VIJAYWADA,Potato,34.0
12-11-2014,VIJAYWADA,Potato,34.0
13-11-2014,VIJAYWADA,Potato,34.0
14-11-2014,VIJAYWADA,Potato,34.0
17-11-2014,VIJAYWADA,Potato,32.0
18-11-2014,VIJAYWADA,Potato,32.0
19-11-2014,VIJAYWADA,Potato,32.0
20-11-2014,VIJAYWADA,Potato,32.0
21-11-2014,VIJAYWADA,Potato,32.0
24-11-2014,VIJAYWADA,Potato,32.0
25-11-2014,VIJAYWADA,Potato,32.0
26-11-2014,VIJAYWADA,Potato,32.0
27-11-2014,VIJAYWADA,Potato,32.0
28-11-2014,VIJAYWADA,Potato,32.0
01-12-2014,VIJAYWADA,Potato,32.0
02-12-2014,VIJAYWADA,Potato,32.0
03-12-2014,VIJAYWADA,Potato,32.0
04-12-2014,VIJAYWADA,Potato,32.0
05-12-2014,VIJAYWADA,Potato,32.0
08-12-2014,VIJAYWADA,Potato,32.0
09-12-2014,VIJAYWADA,Potato,32.0
10-12-2014,VIJAYWADA,Potato,32.0
11-12-2014,VIJAYWADA,Potato,32.0
12-12-2014,VIJAYWADA,Potato,32.0
15-12-2014,VIJAYWADA,Potato,32.0
16-12-2014,VIJAYWADA,Potato,30.0
17-12-2014,VIJAYWADA,Potato,30.0
18-12-2014,VIJAYWADA,Potato,30.0
19-12-2014,VIJAYWADA,Potato,30.0
22-12-2014,VIJAYWADA,Potato,30.0
23-12-2014,VIJAYWADA,Potato,30.0
24-12-2014,VIJAYWADA,Potato,30.0
26-12-2014,VIJAYWADA,Potato,30.0
29-12-2014,VIJAYWADA,Potato,26.0
30-12-2014,VIJAYWADA,Potato,24.0
31-12-2014,VIJAYWADA,Potato,24.0
01-01-2015,VIJAYWADA,Potato,24.0
02-01-2015,VIJAYWADA,Potato,24.0
05-01-2015,VIJAYWADA,Potato,24.0
06-01-2015,VIJAYWADA,Potato,24.0
07-01-2015,VIJAYWADA,Potato,24.0
08-01-2015,VIJAYWADA,Potato,24.0
09-01-2015,VIJAYWADA,Potato,24.0
12-01-2015,VIJAYWADA,Potato,24.0
13-01-2015,VIJAYWADA,Potato,22.0
14-01-2015,VIJAYWADA,Potato,17.649063032367973
15-01-2015,VIJAYWADA,Potato,17.649063032367973
16-01-2015,VIJAYWADA,Potato,17.649063032367973
19-01-2015,VIJAYWADA,Potato,22.0
20-01-2015,VIJAYWADA,Potato,22.0
21-01-2015,VIJAYWADA,Potato,22.0
22-01-2015,VIJAYWADA,Potato,22.0
23-01-2015,VIJAYWADA,Potato,22.0
27-01-2015,VIJAYWADA,Potato,22.0
28-01-2015,VIJAYWADA,Potato,22.0
30-01-2015,VIJAYWADA,Potato,22.0
02-02-2015,VIJAYWADA,Potato,22.0
03-02-2015,VIJAYWADA,Potato,22.0
04-02-2015,VIJAYWADA,Potato,22.0
05-02-2015,VIJAYWADA,Potato,22.0
06-02-2015,VIJAYWADA,Potato,22.0
09-02-2015,VIJAYWADA,Potato,22.0
10-02-2015,VIJAYWADA,Potato,22.0
11-02-2015,VIJAYWADA,Potato,22.0
12-02-2015,VIJAYWADA,Potato,22.0
13-02-2015,VIJAYWADA,Potato,22.0
16-02-2015,VIJAYWADA,Potato,22.0
17-02-2015,VIJAYWADA,Potato,17.649063032367973
18-02-2015,VIJAYWADA,Potato,22.0
19-02-2015,VIJAYWADA,Potato,22.0
20-02-2015,VIJAYWADA,Potato,22.0
23-02-2015,VIJAYWADA,Potato,22.0
24-02-2015,VIJAYWADA,Potato,22.0
25-02-2015,VIJAYWADA,Potato,22.0
26-02-2015,VIJAYWADA,Potato,22.0
27-02-2015,VIJAYWADA,Potato,22.0
02-03-2015,VIJAYWADA,Potato,22.0
03-03-2015,VIJAYWADA,Potato,22.0
04-03-2015,VIJAYWADA,Potato,22.0
05-03-2015,VIJAYWADA,Potato,22.0
09-03-2015,VIJAYWADA,Potato,22.0
10-03-2015,VIJAYWADA,Potato,22.0
11-03-2015,VIJAYWADA,Potato,22.0
12-03-2015,VIJAYWADA,Potato,22.0
13-03-2015,VIJAYWADA,Potato,22.0
16-03-2015,VIJAYWADA,Potato,22.0
17-03-2015,VIJAYWADA,Potato,22.0
18-03-2015,VIJAYWADA,Potato,22.0
19-03-2015,VIJAYWADA,Potato,22.0
20-03-2015,VIJAYWADA,Potato,22.0
23-03-2015,VIJAYWADA,Potato,22.0
24-03-2015,VIJAYWADA,Potato,22.0
25-03-2015,VIJAYWADA,Potato,22.0
26-03-2015,VIJAYWADA,Potato,22.0
27-03-2015,VIJAYWADA,Potato,22.0
30-03-2015,VIJAYWADA,Potato,22.0
31-03-2015,VIJAYWADA,Potato,22.0
01-04-2015,VIJAYWADA,Potato,22.0
06-04-2015,VIJAYWADA,Potato,22.0
07-04-2015,VIJAYWADA,Potato,20.0
08-04-2015,VIJAYWADA,Potato,20.0
09-04-2015,VIJAYWADA,Potato,20.0
10-04-2015,VIJAYWADA,Potato,20.0
13-04-2015,VIJAYWADA,Potato,20.0
15-04-2015,VIJAYWADA,Potato,20.0
16-04-2015,VIJAYWADA,Potato,20.0
17-04-2015,VIJAYWADA,Potato,20.0
20-04-2015,VIJAYWADA,Potato,20.0
21-04-2015,VIJAYWADA,Potato,20.0
22-04-2015,VIJAYWADA,Potato,20.0
23-04-2015,VIJAYWADA,Potato,20.0
24-04-2015,VIJAYWADA,Potato,20.0
27-04-2015,VIJAYWADA,Potato,20.0
28-04-2015,VIJAYWADA,Potato,20.0
